{
  "project_info": {
    "project_number": "591124165072",
    "project_id": "hydration-discrete-counter",
    "storage_bucket": "hydration-discrete-counter.appspot.com"
  },
  "client": [
    {
      "client_info": {
        "mobilesdk_app_id": "1:591124165072:android:860dacbfdb6b3fa2c589d5",
        "android_client_info": {
          "package_name": "com.corp.hydration"
        }
      },
      "oauth_client": [
        {
          "client_id": "591124165072-bimv379r4pnhii1d7i2ou5kia2ctv1kc.apps.googleusercontent.com",
          "client_type": 3
        }
      ],
      "api_key": [
        {
          "current_key": "AIzaSyAXXGL5u_eSeIDp_8lXgERAWg-at-Mwh50"
        }
      ],
      "services": {
        "appinvite_service": {
          "other_platform_oauth_client": [
            {
              "client_id": "591124165072-bimv379r4pnhii1d7i2ou5kia2ctv1kc.apps.googleusercontent.com",
              "client_type": 3
            }
          ]
        }
      }
    }
  ],
  "configuration_version": "1"
}